﻿{
  "avgPrevSchedule": {
    "zero": 13,
    "one": 13,
    "two": 13,
    "three": 13,
    "four": 13,
    "five": 13,
    "six": 13,
    "seven": 13,
    "eight": 13,
    "nine": 13,
    "ten": 9,
    "eleven": 9,
    "twelve": 7,
    "thirteen": 7,
    "fourteen": 7,
    "fifteen": 11,
    "sixteen": 11,
    "seventeen": 11,
    "eighteen": 13,
    "nineteen": 13,
    "twenty": 13,
    "twentyOne": 13,
    "twentyTwo": 13,
    "twentyThree": 13
  },
  "newOverallSchedule": {
    "twentyThree": 8,
    "twentyTwo": 8,
    "twentyOne": 8,
    "twenty": 8,
    "nineteen": 7,
    "eighteen": 7,
    "seventeen": 5,
    "sixteen": 6,
    "fifteen": 5,
    "fourteen": 3,
    "thirteen": 3,
    "twelve": 3,
    "eleven": 4,
    "ten": 5,
    "nine": 6,
    "eight": 6,
    "seven": 7,
    "six": 7,
    "five": 6,
    "four": 7,
    "three": 8,
    "two": 7,
    "one": 7,
    "zero": 8
  },
  "newSpotSchedule": {
    "zero": 6,
    "one": 5,
    "two": 5,
    "three": 6,
    "four": 5,
    "five": 4,
    "six": 5,
    "seven": 5,
    "eight": 4,
    "nine": 4,
    "ten": 3,
    "eleven": 2,
    "twelve": 1,
    "thirteen": 1,
    "fourteen": 1,
    "fifteen": 3,
    "sixteen": 4,
    "seventeen": 3,
    "eighteen": 5,
    "nineteen": 5,
    "twenty": 6,
    "twentyOne": 6,
    "twentyTwo": 6,
    "twentyThree": 6
  }
}